URL,Version,Status,OIDs,Name,Title,Descriptino,Uses,Used,Sources
http://fhir.de/ValueSet/identifier-type-de-basis,1.5.0-ballot,active,,IdentifierTypeDeBasis,null,"ValueSet zur Codierung des Identifier-Typs","StructureDefinition/TumorPatient","THO (V2),de.basisprofil.r4"
http://fhir.de/ValueSet/iso/bundeslaender,1.5.0-ballot,active,,ValueSetISO31662DE,ISO-3166-2:de-Laendercodes,"Enthaelt die ISO-3166-2:DE Codes für die deutschen Bundeslaender.","StructureDefinition/TumorPatient","de.basisprofil.r4"
http://hl7.org/fhir/ValueSet/address-type,4.0.1,active,"2.16.840.1.113883.4.642.3.69",AddressType,AddressType,"The type of an address (physical / postal).","StructureDefinition/Organisation,StructureDefinition/TumorPatient","hl7.fhir.r4.core"
http://hl7.org/fhir/ValueSet/address-use,4.0.1,active,"2.16.840.1.113883.4.642.3.67",AddressUse,AddressUse,"The use of an address.","StructureDefinition/Organisation,StructureDefinition/TumorPatient","hl7.fhir.r4.core"
http://hl7.org/fhir/ValueSet/administrative-gender,4.0.1,active,"2.16.840.1.113883.4.642.3.1",AdministrativeGender,AdministrativeGender,"The gender of a person used for administrative purposes.","StructureDefinition/Melder,StructureDefinition/TumorPatient,StructureDefinition/familienanamnese","hl7.fhir.r4.core"
http://hl7.org/fhir/ValueSet/appointment-cancellation-reason,4.0.1,draft,"2.16.840.1.113883.4.642.3.1381",AppointmentCancellationReason,Appointment cancellation reason,"This example value set defines a set of reasons for the cancellation of an appointment.","StructureDefinition/tumorkonferenz-termin","THO"
http://hl7.org/fhir/ValueSet/appointmentstatus,4.0.1,draft,"2.16.840.1.113883.4.642.3.484",AppointmentStatus,AppointmentStatus,"The free/busy status of an appointment.","StructureDefinition/tumorkonferenz-termin","hl7.fhir.r4.core"
http://hl7.org/fhir/ValueSet/body-site,4.0.1,draft,"2.16.840.1.113883.4.642.3.141",SNOMEDCTBodyStructures,SNOMED CT Body Structures,"This value set includes all codes from [SNOMED CT](http://snomed.info/sct) where concept is-a 442083009 (Anatomical or acquired body site (body structure)).","StructureDefinition/tnm-distant-metastases-category,StructureDefinition/TNMVKategorie,StructureDefinition/TNMSKategorie,StructureDefinition/TNMRSymbol,StructureDefinition/strahlentherapie,StructureDefinition/nebenwirkung,StructureDefinition/status-primaertumor,StructureDefinition/TNMYSymbol,StructureDefinition/tumor,StructureDefinition/status-fernmetastasen,StructureDefinition/tumorkonferenz-fragestellung-radiologie,StructureDefinition/tnm-primary-tumor-category,StructureDefinition/TNMmSymbol,StructureDefinition/operation,StructureDefinition/tnm-stage-group,StructureDefinition/tumorkonferenz-bemerkung,StructureDefinition/TNMASymbol,StructureDefinition/histologie,StructureDefinition/cancer-stage-group,StructureDefinition/operation-einzelprozedur,StructureDefinition/ecog,StructureDefinition/TNMPnKategorie,StructureDefinition/gesamtbeurteilung,StructureDefinition/tumorkonferenz-therapie-verlauf,StructureDefinition/tumorkonferenz-situation,StructureDefinition/tnm-regional-nodes-category,StructureDefinition/TNMLKategorie,StructureDefinition/status-lymphknoten,StructureDefinition/HistologieLymphknoten,StructureDefinition/TNMYSmbol,StructureDefinition/watchful-waiting,StructureDefinition/tumorkonferenz-fragestellung,StructureDefinition/grading,StructureDefinition/Diagnose","SCT"
http://hl7.org/fhir/ValueSet/c80-doc-typecodes,4.0.1,active,"2.16.840.1.113883.3.88.12.80.47",DocumentTypeValueSet,Document Type Value Set,"This is the code specifying the precise type of document (e.g. Pulmonary History and  Physical, Discharge Summary, Ultrasound Report, etc.). The Document Type value set includes all LOINC  values listed in HITSP C80 Table 2-144 Document Class Value Set Definition above used for Document Class,  and all LOINC values whose SCALE is DOC in the LOINC database.","StructureDefinition/befund-dokument","LOINC"
http://hl7.org/fhir/ValueSet/c80-facilitycodes,4.0.1,active,"2.16.840.1.113883.3.88.12.80.67",FacilityTypeCodeValueSet,Facility Type Code Value Set,"This is the code representing the type of organizational setting where the clinical encounter, service, interaction, or treatment occurred. The value set used for Healthcare Facility Type has been defined by HITSP to be the value set reproduced from HITSP C80 Table 2-147.","StructureDefinition/befund-dokument","SCT"
http://hl7.org/fhir/ValueSet/c80-practice-codes,4.0.1,active,"2.16.840.1.113883.3.88.12.80.72",PracticeSettingCodeValueSet,Practice Setting Code Value Set,"This is the code representing the clinical specialty of the clinician or provider who interacted with, treated, or provided a service to/for the patient. The value set used for clinical specialty has been limited by HITSP to the value set reproduced from HITSP C80 Table 2-149 Clinical Specialty Value Set Definition.","StructureDefinition/tumorkonferenz-termin,StructureDefinition/MelderInOrganisation,StructureDefinition/befund-dokument","SCT"
http://hl7.org/fhir/ValueSet/clinical-findings,4.0.1,draft,"2.16.840.1.113883.4.642.3.232",SNOMEDCTClinicalFindings,SNOMED CT Clinical Findings,"This value set includes all the ""Clinical finding"" [SNOMED CT](http://snomed.info/sct) codes - concepts where concept is-a 404684003 (Clinical finding (finding)).","StructureDefinition/familienanamnese","SCT"
http://hl7.org/fhir/ValueSet/composition-status,4.0.1,draft,"2.16.840.1.113883.4.642.3.241",CompositionStatus,CompositionStatus,"The workflow/clinical status of the composition.","StructureDefinition/befund-dokument","hl7.fhir.r4.core"
http://hl7.org/fhir/ValueSet/condition-category,4.0.1,draft,"2.16.840.1.113883.4.642.3.162",ConditionCategoryCodes,Condition Category Codes,"Preferred value set for Condition Categories.","StructureDefinition/nebenwirkung,StructureDefinition/Diagnose","THO"
http://hl7.org/fhir/ValueSet/condition-clinical,4.0.1,draft,"2.16.840.1.113883.4.642.3.164",ConditionClinicalStatusCodes,Condition Clinical Status Codes,"Preferred value set for Condition Clinical Status.","StructureDefinition/nebenwirkung,StructureDefinition/Diagnose","THO"
http://hl7.org/fhir/ValueSet/condition-code,4.0.1,draft,"2.16.840.1.113883.4.642.3.161",Condition/Problem/DiagnosisCodes,Condition/Problem/Diagnosis Codes,"Example value set for Condition/Problem/Diagnosis codes.","StructureDefinition/watchful-waiting,StructureDefinition/strahlentherapie,StructureDefinition/nebenwirkung,StructureDefinition/systemische-therapie,StructureDefinition/Diagnose,StructureDefinition/operation-einzelprozedur,StructureDefinition/familienanamnese","SCT"
http://hl7.org/fhir/ValueSet/condition-outcome,4.0.1,draft,"2.16.840.1.113883.4.642.3.967",ConditionOutcomeCodes,Condition Outcome Codes,"Example value set for condition outcomes.","StructureDefinition/familienanamnese","SCT"
http://hl7.org/fhir/ValueSet/condition-severity,4.0.1,draft,"2.16.840.1.113883.4.642.3.168",Condition/DiagnosisSeverity,Condition/Diagnosis Severity,"Preferred value set for Condition/Diagnosis severity grading.","StructureDefinition/nebenwirkung,StructureDefinition/Diagnose","SCT"
http://hl7.org/fhir/ValueSet/condition-stage,4.0.1,draft,"2.16.840.1.113883.4.642.3.170",ConditionStage,Condition Stage,"Example value set for stages of cancer and other conditions.","StructureDefinition/nebenwirkung,StructureDefinition/Diagnose","SCT"
http://hl7.org/fhir/ValueSet/condition-stage-type,4.0.1,draft,"2.16.840.1.113883.4.642.3.171",ConditionStageType,Condition Stage Type,"Example value set for the type of stages of cancer and other conditions","StructureDefinition/nebenwirkung,StructureDefinition/Diagnose","SCT"
http://hl7.org/fhir/ValueSet/condition-ver-status,4.0.1,draft,"2.16.840.1.113883.4.642.3.166",ConditionVerificationStatus,ConditionVerificationStatus,"The verification status to support or decline the clinical status of the condition or diagnosis.","StructureDefinition/nebenwirkung,StructureDefinition/Diagnose","THO"
http://hl7.org/fhir/ValueSet/contact-point-system,4.0.1,active,"2.16.840.1.113883.4.642.3.71",ContactPointSystem,ContactPointSystem,"Telecommunications form for contact point.","StructureDefinition/Melder","hl7.fhir.r4.core"
http://hl7.org/fhir/ValueSet/contact-point-use,4.0.1,active,"2.16.840.1.113883.4.642.3.73",ContactPointUse,ContactPointUse,"Use of contact point.","StructureDefinition/Melder","hl7.fhir.r4.core"
http://hl7.org/fhir/ValueSet/contactentity-type,4.0.1,draft,"2.16.840.1.113883.4.642.3.416",ContactEntityType,Contact entity type,"This example value set defines a set of codes that can be used to indicate the purpose for which you would contact a contact party.","StructureDefinition/Organisation","THO"
http://hl7.org/fhir/ValueSet/data-absent-reason,4.0.1,active,"2.16.840.1.113883.4.642.3.5",DataAbsentReason,DataAbsentReason,"Used to specify why the normally expected content of the data element is missing.","StructureDefinition/tnm-distant-metastases-category,StructureDefinition/TNMVKategorie,StructureDefinition/TNMSKategorie,StructureDefinition/TNMRSymbol,StructureDefinition/status-primaertumor,StructureDefinition/TNMYSymbol,StructureDefinition/status-fernmetastasen,StructureDefinition/tumorkonferenz-fragestellung-radiologie,StructureDefinition/tnm-primary-tumor-category,StructureDefinition/TNMmSymbol,StructureDefinition/tnm-stage-group,StructureDefinition/tumorkonferenz-bemerkung,StructureDefinition/TNMASymbol,StructureDefinition/histologie,StructureDefinition/cancer-stage-group,StructureDefinition/ecog,StructureDefinition/TNMPnKategorie,StructureDefinition/gesamtbeurteilung,StructureDefinition/tumorkonferenz-therapie-verlauf,StructureDefinition/tumorkonferenz-situation,StructureDefinition/tnm-regional-nodes-category,StructureDefinition/TNMLKategorie,StructureDefinition/status-lymphknoten,StructureDefinition/HistologieLymphknoten,StructureDefinition/TNMYSmbol,StructureDefinition/tumorkonferenz-fragestellung,StructureDefinition/grading","THO"
http://hl7.org/fhir/ValueSet/days-of-week,4.0.1,active,"2.16.840.1.113883.4.642.3.512",DaysOfWeek,DaysOfWeek,"The days of the week.","StructureDefinition/MelderInOrganisation","hl7.fhir.r4.core"
http://hl7.org/fhir/ValueSet/device-action,4.0.1,draft,"2.16.840.1.113883.4.642.3.425",ProcedureDeviceActionCodes,Procedure Device Action Codes,"Example codes indicating the change that happened to the device during the procedure.  Note that these are in no way complete and might not even be appropriate for some uses.","StructureDefinition/watchful-waiting,StructureDefinition/strahlentherapie,StructureDefinition/operation,StructureDefinition/operation-einzelprozedur","SCT"
http://hl7.org/fhir/ValueSet/device-kind,4.0.1,draft,"2.16.840.1.113883.4.642.3.208",FHIRDeviceTypes,FHIR Device Types,"Codes used to identify medical devices. Includes concepts from SNOMED CT (http://www.snomed.org/) where concept is-a 49062001 (Device)  and is provided as a suggestive example.","StructureDefinition/watchful-waiting,StructureDefinition/strahlentherapie,StructureDefinition/operation,StructureDefinition/operation-einzelprozedur","SCT"
http://hl7.org/fhir/ValueSet/diagnosis-role,4.0.1,draft,"2.16.840.1.113883.4.642.3.49",DiagnosisRole,DiagnosisRole,"This value set defines a set of codes that can be used to express the role of a diagnosis on the Encounter or EpisodeOfCare record.","StructureDefinition/verlauf,StructureDefinition/tumorkonferenz,StructureDefinition/tumorErkrankung","THO"
http://hl7.org/fhir/ValueSet/document-classcodes,4.0.1,active,"2.16.840.1.113883.3.88.12.80.46",DocumentClassValueSet,Document Class Value Set,"This is the code specifying the high-level kind of document (e.g. Prescription, Discharge Summary, Report, etc.). Note: Class code for documents comes from LOINC, and is based upon one of the following:The type of service described by the document. It is described at a very high level in Section 7.3 of the LOINC Manual. The type study performed. It was determined by identifying modalities for study reports. The section of the chart where the document is placed. It was determined from the SETs created for Claims Attachment requests.","StructureDefinition/befund-dokument","LOINC"
http://hl7.org/fhir/ValueSet/document-reference-status,4.0.1,draft,"2.16.840.1.113883.4.642.3.7",DocumentReferenceStatus,DocumentReferenceStatus,"The status of the document reference.","StructureDefinition/befund-dokument","hl7.fhir.r4.core"
http://hl7.org/fhir/ValueSet/document-relationship-type,4.0.1,draft,"2.16.840.1.113883.4.642.3.244",DocumentRelationshipType,DocumentRelationshipType,"The type of relationship between documents.","StructureDefinition/befund-dokument","hl7.fhir.r4.core"
http://hl7.org/fhir/ValueSet/encounter-admit-source,4.0.1,draft,"2.16.840.1.113883.4.642.3.257",AdmitSource,Admit source,"This value set defines a set of codes that can be used to indicate from where the patient came in.","StructureDefinition/verlauf,StructureDefinition/tumorkonferenz","THO"
http://hl7.org/fhir/ValueSet/encounter-diet,4.0.1,draft,"2.16.840.1.113883.4.642.3.255",Diet,Diet,"This value set defines a set of codes that can be used to indicate dietary preferences or restrictions a patient may have.","StructureDefinition/verlauf,StructureDefinition/tumorkonferenz","THO"
http://hl7.org/fhir/ValueSet/encounter-discharge-disposition,4.0.1,draft,"2.16.840.1.113883.4.642.3.259",DischargeDisposition,Discharge disposition,"This value set defines a set of codes that can be used to where the patient left the hospital.","StructureDefinition/verlauf,StructureDefinition/tumorkonferenz","THO"
http://hl7.org/fhir/ValueSet/encounter-location-status,4.0.1,draft,"2.16.840.1.113883.4.642.3.262",EncounterLocationStatus,EncounterLocationStatus,"The status of the location.","StructureDefinition/verlauf,StructureDefinition/tumorkonferenz","hl7.fhir.r4.core"
http://hl7.org/fhir/ValueSet/encounter-participant-type,4.0.1,draft,"2.16.840.1.113883.4.642.3.250",ParticipantType,Participant type,"This value set defines a set of codes that can be used to indicate how an individual participates in an encounter.","StructureDefinition/tumorkonferenz-termin,StructureDefinition/verlauf,StructureDefinition/tumorkonferenz","THO (V3),THO"
http://hl7.org/fhir/ValueSet/encounter-reason,4.0.1,draft,"2.16.840.1.113883.4.642.3.261",EncounterReasonCodes,Encounter Reason Codes,"This examples value set defines the set of codes that can be used to indicate reasons for an encounter.","StructureDefinition/tumorkonferenz-termin,StructureDefinition/verlauf,StructureDefinition/tumorkonferenz","SCT"
http://hl7.org/fhir/ValueSet/encounter-special-arrangements,4.0.1,draft,"2.16.840.1.113883.4.642.3.253",SpecialArrangements,Special arrangements,"This value set defines a set of codes that can be used to indicate the kinds of special arrangements in place for a patients visit.","StructureDefinition/verlauf,StructureDefinition/tumorkonferenz","THO"
http://hl7.org/fhir/ValueSet/encounter-special-courtesy,4.0.1,draft,"2.16.840.1.113883.4.642.3.252",SpecialCourtesy,Special courtesy,"This value set defines a set of codes that can be used to indicate special courtesies provided to the patient.","StructureDefinition/verlauf,StructureDefinition/tumorkonferenz","THO (V3)"
http://hl7.org/fhir/ValueSet/encounter-status,4.0.1,draft,"2.16.840.1.113883.4.642.3.246",EncounterStatus,EncounterStatus,"Current state of the encounter.","StructureDefinition/verlauf,StructureDefinition/tumorkonferenz","hl7.fhir.r4.core"
http://hl7.org/fhir/ValueSet/encounter-type,4.0.1,draft,"2.16.840.1.113883.4.642.3.248",EncounterType,Encounter type,"This example value set defines a set of codes that can be used to indicate the type of encounter: a specific code indicating type of service provided.","StructureDefinition/verlauf,StructureDefinition/tumorkonferenz","THO"
http://hl7.org/fhir/ValueSet/episode-of-care-status,4.0.1,draft,"2.16.840.1.113883.4.642.3.664",EpisodeOfCareStatus,EpisodeOfCareStatus,"The status of the episode of care.","StructureDefinition/tumorErkrankung","hl7.fhir.r4.core"
http://hl7.org/fhir/ValueSet/episodeofcare-type,4.0.1,draft,"2.16.840.1.113883.4.642.3.666",EpisodeOfCareType,Episode of care type,"This example value set defines a set of codes that can be used to express the usage type of an EpisodeOfCare record.","StructureDefinition/tumorErkrankung","THO"
http://hl7.org/fhir/ValueSet/event-status,4.0.1,draft,"2.16.840.1.113883.4.642.3.109",EventStatus,EventStatus,"Codes identifying the lifecycle stage of an event.","StructureDefinition/watchful-waiting,StructureDefinition/strahlentherapie,StructureDefinition/operation,StructureDefinition/operation-einzelprozedur","hl7.fhir.r4.core"
http://hl7.org/fhir/ValueSet/formatcodes,4.0.1,active,"1.3.6.1.4.1.19376.1.2.7.1",DocumentReferenceFormatCodeSet,DocumentReference Format Code Set,"The value set is defined to be the set of format codes defined by the IHE Technical Framework, and also including additional format codes defined by the    HL7. The value set is listed in HITSP C80 Table 2-153 Format Code Value Set Definition,    with additions published later by IHE as published    at http://wiki.ihe.net/index.php?title=IHE_Format_Codes   and with additions published later by HL7 as published at https://confluence.hl7.org/display/SD/Format+Codes+for+IHE+XDS.   This is the code specifying the technical format of the document. Along with the typeCode,    it should provide sufficient information to allow any potential document consumer to know    if it will be able to process the document. The code shall be sufficiently specific to    ensure processing/display by identifying a document encoding, structure and template. The actual list of codes here is incomplete","StructureDefinition/befund-dokument","Other"
http://hl7.org/fhir/ValueSet/history-absent-reason,4.0.1,draft,"2.16.840.1.113883.4.642.3.269",FamilyHistoryAbsentReason,FamilyHistoryAbsentReason,"Codes describing the reason why a family member's history is not available.","StructureDefinition/familienanamnese","THO"
http://hl7.org/fhir/ValueSet/history-status,4.0.1,draft,"2.16.840.1.113883.4.642.3.267",FamilyHistoryStatus,FamilyHistoryStatus,"A code that identifies the status of the family history record.","StructureDefinition/familienanamnese","hl7.fhir.r4.core"
http://hl7.org/fhir/ValueSet/identifier-use,4.0.1,active,"2.16.840.1.113883.4.642.3.57",IdentifierUse,IdentifierUse,"Identifies the purpose for this identifier, if known .","StructureDefinition/TumorPatient","hl7.fhir.r4.core"
http://hl7.org/fhir/ValueSet/iso3166-1-2,4.0.1,active,,Iso3166-1-2,Iso 3166 Part 1: 2 Letter Codes,"This value set defines the ISO 3166 Part 1 2-letter codes","StructureDefinition/TumorPatient","hl7.terminology.r4"
http://hl7.org/fhir/ValueSet/languages,4.0.1,draft,"2.16.840.1.113883.4.642.3.20",CommonLanguages,Common Languages,"This value set includes common codes from BCP-47 (http://tools.ietf.org/html/bcp47)","StructureDefinition/tnm-distant-metastases-category,StructureDefinition/TNMVKategorie,StructureDefinition/TNMSKategorie,StructureDefinition/TNMRSymbol,StructureDefinition/strahlentherapie,StructureDefinition/nebenwirkung,StructureDefinition/status-primaertumor,StructureDefinition/TNMYSymbol,StructureDefinition/tumor,StructureDefinition/status-fernmetastasen,StructureDefinition/tumorkonferenz-fragestellung-radiologie,StructureDefinition/tnm-primary-tumor-category,StructureDefinition/tumorkonferenz-termin,StructureDefinition/TNMmSymbol,StructureDefinition/verlauf,StructureDefinition/tumorkonferenz,StructureDefinition/operation,StructureDefinition/tnm-stage-group,StructureDefinition/tumorkonferenz-bemerkung,StructureDefinition/TNMASymbol,StructureDefinition/histologie,StructureDefinition/tumorErkrankung,StructureDefinition/cancer-stage-group,StructureDefinition/befund-dokument,StructureDefinition/operation-einzelprozedur,StructureDefinition/ecog,StructureDefinition/TNMPnKategorie,StructureDefinition/familienanamnese,StructureDefinition/Organisation,StructureDefinition/gesamtbeurteilung,StructureDefinition/tumorkonferenz-therapie-verlauf,StructureDefinition/tumorkonferenz-situation,StructureDefinition/tnm-regional-nodes-category,StructureDefinition/TumorPatient,StructureDefinition/TNMLKategorie,StructureDefinition/status-lymphknoten,StructureDefinition/MelderInOrganisation,StructureDefinition/HistologieLymphknoten,StructureDefinition/TNMYSmbol,StructureDefinition/watchful-waiting,StructureDefinition/Melder,StructureDefinition/tumorkonferenz-fragestellung,StructureDefinition/grading,StructureDefinition/systemische-therapie,StructureDefinition/Diagnose","hl7.terminology.r4"
http://hl7.org/fhir/ValueSet/link-type,4.0.1,active,"2.16.840.1.113883.4.642.3.423",LinkType,LinkType,"The type of link between this patient resource and another patient resource.","StructureDefinition/TumorPatient","hl7.fhir.r4.core"
http://hl7.org/fhir/ValueSet/location-physical-type,4.0.1,draft,"2.16.840.1.113883.4.642.3.328",LocationType,Location type,"This example value set defines a set of codes that can be used to indicate the physical form of the Location.","StructureDefinition/verlauf,StructureDefinition/tumorkonferenz","THO"
http://hl7.org/fhir/ValueSet/manifestation-or-symptom,4.0.1,draft,"2.16.840.1.113883.4.642.3.169",ManifestationAndSymptomCodes,Manifestation and Symptom Codes,"Example value set for Manifestation and Symptom codes.","StructureDefinition/nebenwirkung,StructureDefinition/Diagnose","SCT"
http://hl7.org/fhir/ValueSet/marital-status,4.0.1,active,"2.16.840.1.113883.4.642.3.29",Marital Status Codes,MaritalStatus,"This value set defines the set of codes that can be used to indicate the marital status of a person.","StructureDefinition/TumorPatient","THO (V3)"
http://hl7.org/fhir/ValueSet/medication-codes,4.0.1,draft,"2.16.840.1.113883.4.642.3.375",SNOMEDCTMedicationCodes,SNOMED CT Medication Codes,"This value set includes all drug or medicament substance codes and all pharmaceutical/biologic products from SNOMED CT - provided as an exemplar value set.","StructureDefinition/systemische-therapie","SCT"
http://hl7.org/fhir/ValueSet/medication-statement-category,4.0.1,draft,"2.16.840.1.113883.4.642.3.370",Medication usage category codes,Medication usage category codes,"Medication Status Codes","StructureDefinition/systemische-therapie","THO"
http://hl7.org/fhir/ValueSet/medication-statement-status,4.0.1,draft,"2.16.840.1.113883.4.642.3.367",Medication Status Codes,Medication  status  codes,"Medication Status Codes","StructureDefinition/systemische-therapie","hl7.fhir.r4.core"
http://hl7.org/fhir/ValueSet/mimetypes,4.0.1,active,"2.16.840.1.113883.4.642.3.1024",Mime Types,MimeType,"This value set includes all possible codes from BCP-13 (http://tools.ietf.org/html/bcp13)","StructureDefinition/befund-dokument","Other"
http://hl7.org/fhir/ValueSet/name-use,4.0.1,active,"2.16.840.1.113883.4.642.3.65",NameUse,NameUse,"The use of a human name.","StructureDefinition/Melder,StructureDefinition/TumorPatient","hl7.fhir.r4.core"
http://hl7.org/fhir/ValueSet/observation-category,4.0.1,draft,"2.16.840.1.113883.4.642.3.403",ObservationCategoryCodes,Observation Category Codes,"Observation Category codes.","StructureDefinition/tnm-distant-metastases-category,StructureDefinition/TNMVKategorie,StructureDefinition/TNMSKategorie,StructureDefinition/TNMRSymbol,StructureDefinition/status-primaertumor,StructureDefinition/TNMYSymbol,StructureDefinition/status-fernmetastasen,StructureDefinition/tumorkonferenz-fragestellung-radiologie,StructureDefinition/tnm-primary-tumor-category,StructureDefinition/TNMmSymbol,StructureDefinition/tnm-stage-group,StructureDefinition/tumorkonferenz-bemerkung,StructureDefinition/TNMASymbol,StructureDefinition/histologie,StructureDefinition/cancer-stage-group,StructureDefinition/ecog,StructureDefinition/TNMPnKategorie,StructureDefinition/gesamtbeurteilung,StructureDefinition/tumorkonferenz-therapie-verlauf,StructureDefinition/tumorkonferenz-situation,StructureDefinition/tnm-regional-nodes-category,StructureDefinition/TNMLKategorie,StructureDefinition/status-lymphknoten,StructureDefinition/HistologieLymphknoten,StructureDefinition/TNMYSmbol,StructureDefinition/tumorkonferenz-fragestellung,StructureDefinition/grading","THO"
http://hl7.org/fhir/ValueSet/observation-codes,4.0.1,draft,"2.16.840.1.113883.4.642.3.396",LOINCCodes,LOINC Codes,"This value set includes all LOINC codes","StructureDefinition/tnm-distant-metastases-category,StructureDefinition/TNMVKategorie,StructureDefinition/TNMSKategorie,StructureDefinition/TNMRSymbol,StructureDefinition/status-primaertumor,StructureDefinition/TNMYSymbol,StructureDefinition/status-fernmetastasen,StructureDefinition/tumorkonferenz-fragestellung-radiologie,StructureDefinition/tnm-primary-tumor-category,StructureDefinition/TNMmSymbol,StructureDefinition/tnm-stage-group,StructureDefinition/tumorkonferenz-bemerkung,StructureDefinition/TNMASymbol,StructureDefinition/histologie,StructureDefinition/cancer-stage-group,StructureDefinition/ecog,StructureDefinition/TNMPnKategorie,StructureDefinition/gesamtbeurteilung,StructureDefinition/tumorkonferenz-therapie-verlauf,StructureDefinition/tumorkonferenz-situation,StructureDefinition/tnm-regional-nodes-category,StructureDefinition/TNMLKategorie,StructureDefinition/status-lymphknoten,StructureDefinition/HistologieLymphknoten,StructureDefinition/TNMYSmbol,StructureDefinition/tumorkonferenz-fragestellung,StructureDefinition/grading","LOINC"
http://hl7.org/fhir/ValueSet/observation-interpretation,4.0.1,active,"2.16.840.1.113883.4.642.3.399",ObservationInterpretationCodes,Observation Interpretation Codes,"A categorical assessment, providing a rough qualitative interpretation of the observation value,    such as “normal”/ “abnormal”,”low” / “high”, “better” / “worse”, “susceptible” / “resistant”, “expected”/ “not expected”.    The value set is intended to be for ANY use where coded representation of an interpretation is needed.             Notes:          This is being communicated in v2.x in OBX-8 (Observation Interpretation), in v3 in ObservationInterpretation (CWE) in R1 (Representative Realm) and in FHIR in    Observation.interpretation. Historically these values come from the laboratory domain, and these codes are extensively    used. The value set binding is extensible, so codes outside the value set that are needed for interpretation concepts    (i.e. particular meanings) that are not included in the value set can be used, and these new codes may also be added to    the value set and published in a future version.","StructureDefinition/tnm-distant-metastases-category,StructureDefinition/TNMVKategorie,StructureDefinition/TNMSKategorie,StructureDefinition/TNMRSymbol,StructureDefinition/status-primaertumor,StructureDefinition/TNMYSymbol,StructureDefinition/status-fernmetastasen,StructureDefinition/tumorkonferenz-fragestellung-radiologie,StructureDefinition/tnm-primary-tumor-category,StructureDefinition/TNMmSymbol,StructureDefinition/tnm-stage-group,StructureDefinition/tumorkonferenz-bemerkung,StructureDefinition/TNMASymbol,StructureDefinition/histologie,StructureDefinition/cancer-stage-group,StructureDefinition/ecog,StructureDefinition/TNMPnKategorie,StructureDefinition/gesamtbeurteilung,StructureDefinition/tumorkonferenz-therapie-verlauf,StructureDefinition/tumorkonferenz-situation,StructureDefinition/tnm-regional-nodes-category,StructureDefinition/TNMLKategorie,StructureDefinition/status-lymphknoten,StructureDefinition/HistologieLymphknoten,StructureDefinition/TNMYSmbol,StructureDefinition/tumorkonferenz-fragestellung,StructureDefinition/grading","THO (V3)"
http://hl7.org/fhir/ValueSet/observation-methods,4.0.1,draft,"2.16.840.1.113883.4.642.3.395",ObservationMethods,Observation Methods,"Observation Method codes from [SNOMED CT](http://snomed.info/sct) where concept is-a 272394005 (Technique (qualifier value)) or is-a 129264002 (Action (qualifier value)) or is-a 386053000 (Evaluation procedure(procedure))","StructureDefinition/TNMVKategorie,StructureDefinition/gesamtbeurteilung,StructureDefinition/TNMSKategorie,StructureDefinition/TNMRSymbol,StructureDefinition/tumorkonferenz-therapie-verlauf,StructureDefinition/tumorkonferenz-situation,StructureDefinition/status-primaertumor,StructureDefinition/TNMYSymbol,StructureDefinition/status-fernmetastasen,StructureDefinition/tumorkonferenz-fragestellung-radiologie,StructureDefinition/TNMLKategorie,StructureDefinition/status-lymphknoten,StructureDefinition/TNMmSymbol,StructureDefinition/HistologieLymphknoten,StructureDefinition/TNMYSmbol,StructureDefinition/tumorkonferenz-bemerkung,StructureDefinition/histologie,StructureDefinition/TNMASymbol,StructureDefinition/tumorkonferenz-fragestellung,StructureDefinition/grading,StructureDefinition/ecog,StructureDefinition/TNMPnKategorie","SCT"
http://hl7.org/fhir/ValueSet/observation-status,4.0.1,active,"2.16.840.1.113883.4.642.3.400",ObservationStatus,ObservationStatus,"Codes providing the status of an observation.","StructureDefinition/tnm-distant-metastases-category,StructureDefinition/TNMVKategorie,StructureDefinition/TNMSKategorie,StructureDefinition/TNMRSymbol,StructureDefinition/status-primaertumor,StructureDefinition/TNMYSymbol,StructureDefinition/status-fernmetastasen,StructureDefinition/tumorkonferenz-fragestellung-radiologie,StructureDefinition/tnm-primary-tumor-category,StructureDefinition/TNMmSymbol,StructureDefinition/tnm-stage-group,StructureDefinition/tumorkonferenz-bemerkung,StructureDefinition/TNMASymbol,StructureDefinition/histologie,StructureDefinition/cancer-stage-group,StructureDefinition/ecog,StructureDefinition/TNMPnKategorie,StructureDefinition/gesamtbeurteilung,StructureDefinition/tumorkonferenz-therapie-verlauf,StructureDefinition/tumorkonferenz-situation,StructureDefinition/tnm-regional-nodes-category,StructureDefinition/TNMLKategorie,StructureDefinition/status-lymphknoten,StructureDefinition/HistologieLymphknoten,StructureDefinition/TNMYSmbol,StructureDefinition/tumorkonferenz-fragestellung,StructureDefinition/grading","hl7.fhir.r4.core"
http://hl7.org/fhir/ValueSet/organization-type,4.0.1,draft,"2.16.840.1.113883.4.642.3.414",OrganizationType,Organization type,"This example value set defines a set of codes that can be used to indicate a type of organization.","StructureDefinition/Organisation","THO"
http://hl7.org/fhir/ValueSet/participantrequired,4.0.1,draft,"2.16.840.1.113883.4.642.3.488",ParticipantRequired,ParticipantRequired,"Is the Participant required to attend the appointment.","StructureDefinition/tumorkonferenz-termin","hl7.fhir.r4.core"
http://hl7.org/fhir/ValueSet/participationstatus,4.0.1,draft,"2.16.840.1.113883.4.642.3.486",ParticipationStatus,ParticipationStatus,"The Participation status of an appointment.","StructureDefinition/tumorkonferenz-termin","hl7.fhir.r4.core"
http://hl7.org/fhir/ValueSet/patient-contactrelationship,4.0.1,active,"2.16.840.1.113883.4.642.3.1130",PatientContactRelationship,Patient Contact Relationship ,"The nature of the relationship between the patient and the contact person.","StructureDefinition/TumorPatient","THO (V2)"
http://hl7.org/fhir/ValueSet/performer-role,4.0.1,draft,"2.16.840.1.113883.4.642.3.433",ProcedurePerformerRoleCodes,Procedure Performer Role Codes,"This example value set defines the set of codes that can be used to indicate a role of a procedure performer.","StructureDefinition/watchful-waiting,StructureDefinition/strahlentherapie,StructureDefinition/operation,StructureDefinition/operation-einzelprozedur","SCT"
http://hl7.org/fhir/ValueSet/practitioner-role,4.0.1,draft,"2.16.840.1.113883.4.642.3.439",PractitionerRole,Practitioner role,"This example value set defines a set of codes that can be used to indicate the role of a Practitioner.","StructureDefinition/MelderInOrganisation","SCT,THO"
http://hl7.org/fhir/ValueSet/procedure-category,4.0.1,draft,"2.16.840.1.113883.4.642.3.430",ProcedureCategoryCodes(SNOMEDCT),Procedure Category Codes (SNOMED CT),"Procedure Category code: A selection of relevant SNOMED CT codes.","StructureDefinition/watchful-waiting,StructureDefinition/strahlentherapie,StructureDefinition/operation,StructureDefinition/operation-einzelprozedur","SCT"
http://hl7.org/fhir/ValueSet/procedure-code,4.0.1,draft,"2.16.840.1.113883.4.642.3.427",ProcedureCodes(SNOMEDCT),Procedure Codes (SNOMED CT),"Procedure Code: All SNOMED CT procedure codes.","StructureDefinition/watchful-waiting,StructureDefinition/strahlentherapie,StructureDefinition/operation,StructureDefinition/operation-einzelprozedur","SCT"
http://hl7.org/fhir/ValueSet/procedure-followup,4.0.1,draft,"2.16.840.1.113883.4.642.3.429",ProcedureFollowUpCodes(SNOMEDCT),Procedure Follow up Codes (SNOMED CT),"Procedure follow up codes: A selection of SNOMED CT codes relevant to procedure follow up.","StructureDefinition/watchful-waiting,StructureDefinition/strahlentherapie,StructureDefinition/operation,StructureDefinition/operation-einzelprozedur","SCT"
http://hl7.org/fhir/ValueSet/procedure-not-performed-reason,4.0.1,active,"2.16.840.1.113883.4.642.3.431",ProcedureNotPerformedReason(SNOMED-CT),Procedure Not Performed Reason (SNOMED-CT),"Situation codes describing the reason that a procedure, which might otherwise be expected, was not performed, or a procedure that was started and was not completed. Consists of SNOMED CT codes, children of procedure contraindicated (183932001), procedure discontinued (416406003), procedure not done (416237000), procedure not indicated (428119001), procedure not offered (416064006), procedure not wanted (416432009), procedure refused (183944003), and procedure stopped (394908001).","StructureDefinition/watchful-waiting,StructureDefinition/strahlentherapie,StructureDefinition/operation,StructureDefinition/operation-einzelprozedur","SCT"
http://hl7.org/fhir/ValueSet/procedure-outcome,4.0.1,draft,"2.16.840.1.113883.4.642.3.428",ProcedureOutcomeCodes(SNOMEDCT),Procedure Outcome Codes (SNOMED CT),"Procedure Outcome code: A selection of relevant SNOMED CT codes.","StructureDefinition/watchful-waiting,StructureDefinition/strahlentherapie,StructureDefinition/operation,StructureDefinition/operation-einzelprozedur","SCT"
http://hl7.org/fhir/ValueSet/procedure-reason,4.0.1,draft,"2.16.840.1.113883.4.642.3.432",ProcedureReasonCodes,Procedure Reason Codes,"This example value set defines the set of codes that can be used to indicate a reason for a procedure.","StructureDefinition/watchful-waiting,StructureDefinition/strahlentherapie,StructureDefinition/operation,StructureDefinition/operation-einzelprozedur","SCT"
http://hl7.org/fhir/ValueSet/quantity-comparator,4.0.1,active,"2.16.840.1.113883.4.642.3.59",QuantityComparator,QuantityComparator,"How the Quantity should be understood and represented.","StructureDefinition/strahlentherapie,StructureDefinition/strahlentherapie-details","hl7.fhir.r4.core"
http://hl7.org/fhir/ValueSet/reason-medication-status-codes,4.0.1,draft,"2.16.840.1.113883.4.642.3.369",SNOMEDCTDrugTherapyStatusCodes,SNOMED CT Drug Therapy Status codes ,"This value set includes some taken and not taken reason codes from SNOMED CT - provided as an exemplar","StructureDefinition/systemische-therapie","SCT"
http://hl7.org/fhir/ValueSet/referencerange-appliesto,4.0.1,draft,"2.16.840.1.113883.4.642.3.407",ObservationReferenceRangeAppliesToCodes,Observation Reference Range Applies To Codes,"This value set defines a set of codes that can be used to indicate the particular target population the reference range applies to.","StructureDefinition/tnm-distant-metastases-category,StructureDefinition/TNMVKategorie,StructureDefinition/TNMSKategorie,StructureDefinition/TNMRSymbol,StructureDefinition/status-primaertumor,StructureDefinition/TNMYSymbol,StructureDefinition/status-fernmetastasen,StructureDefinition/tumorkonferenz-fragestellung-radiologie,StructureDefinition/tnm-primary-tumor-category,StructureDefinition/TNMmSymbol,StructureDefinition/tnm-stage-group,StructureDefinition/tumorkonferenz-bemerkung,StructureDefinition/TNMASymbol,StructureDefinition/histologie,StructureDefinition/cancer-stage-group,StructureDefinition/ecog,StructureDefinition/TNMPnKategorie,StructureDefinition/gesamtbeurteilung,StructureDefinition/tumorkonferenz-therapie-verlauf,StructureDefinition/tumorkonferenz-situation,StructureDefinition/tnm-regional-nodes-category,StructureDefinition/TNMLKategorie,StructureDefinition/status-lymphknoten,StructureDefinition/HistologieLymphknoten,StructureDefinition/TNMYSmbol,StructureDefinition/tumorkonferenz-fragestellung,StructureDefinition/grading","SCT"
http://hl7.org/fhir/ValueSet/referencerange-meaning,4.0.1,draft,"2.16.840.1.113883.4.642.3.397",ObservationReferenceRangeMeaningCodes,Observation Reference Range Meaning Codes,"This value set defines a set of codes that can be used to indicate the meaning/use of a reference range for a particular target population.","StructureDefinition/tnm-distant-metastases-category,StructureDefinition/TNMVKategorie,StructureDefinition/TNMSKategorie,StructureDefinition/TNMRSymbol,StructureDefinition/status-primaertumor,StructureDefinition/TNMYSymbol,StructureDefinition/status-fernmetastasen,StructureDefinition/tumorkonferenz-fragestellung-radiologie,StructureDefinition/tnm-primary-tumor-category,StructureDefinition/TNMmSymbol,StructureDefinition/tnm-stage-group,StructureDefinition/tumorkonferenz-bemerkung,StructureDefinition/TNMASymbol,StructureDefinition/histologie,StructureDefinition/cancer-stage-group,StructureDefinition/ecog,StructureDefinition/TNMPnKategorie,StructureDefinition/gesamtbeurteilung,StructureDefinition/tumorkonferenz-therapie-verlauf,StructureDefinition/tumorkonferenz-situation,StructureDefinition/tnm-regional-nodes-category,StructureDefinition/TNMLKategorie,StructureDefinition/status-lymphknoten,StructureDefinition/HistologieLymphknoten,StructureDefinition/TNMYSmbol,StructureDefinition/tumorkonferenz-fragestellung,StructureDefinition/grading","THO"
http://hl7.org/fhir/ValueSet/security-labels,4.0.1,active,"2.16.840.1.113883.4.642.3.47",All Security Labels,SecurityLabels,"A single value set for all security labels defined by FHIR.","StructureDefinition/befund-dokument",
http://hl7.org/fhir/ValueSet/service-category,4.0.1,draft,"2.16.840.1.113883.4.642.3.516",ServiceCategory,Service category,"This value set defines an example set of codes that can be used to classify groupings of service-types/specialties.","StructureDefinition/tumorkonferenz-termin","THO"
http://hl7.org/fhir/ValueSet/service-type,4.0.1,draft,"2.16.840.1.113883.4.642.3.518",ServiceType,Service type,"This value set defines an example set of codes of service-types.","StructureDefinition/tumorkonferenz-termin,StructureDefinition/verlauf,StructureDefinition/tumorkonferenz","THO"
http://hl7.org/fhir/ValueSet/specimen-collection-method,4.0.1,draft,"2.16.840.1.113883.4.642.3.468",FHIRSpecimenCollectionMethod,FHIR Specimen Collection Method," This example value set defines a set of codes that can be used to indicate the method by which a specimen was collected.","StructureDefinition/tumor","SCT"
http://hl7.org/fhir/ValueSet/specimen-container-type,4.0.1,draft,"2.16.840.1.113883.4.642.3.470",SpecimenContainerType,Specimen Container Type,"Checks on the patient prior specimen collection. All SNOMED CT concepts descendants of 706041008 |Device for body fluid and tissue collection/transfer/processing (physical object)|","StructureDefinition/tumor","SCT"
http://hl7.org/fhir/ValueSet/specimen-processing-procedure,4.0.1,draft,"2.16.840.1.113883.4.642.3.469",SpecimenProcessingProcedure,Specimen processing procedure,"The technique that is used to perform the process or preserve the specimen.","StructureDefinition/tumor","THO (V2)"
http://hl7.org/fhir/ValueSet/specimen-status,4.0.1,draft,"2.16.840.1.113883.4.642.3.471",SpecimenStatus,SpecimenStatus,"Codes providing the status/availability of a specimen.","StructureDefinition/tumor","hl7.fhir.r4.core"
http://hl7.org/fhir/us/mcode/ValueSet/mcode-procedure-intent-vs,2.1.0,active,,ProcedureIntentVS,Procedure Intent Value Set,"The purpose of a procedure.","StructureDefinition/watchful-waiting,StructureDefinition/strahlentherapie,StructureDefinition/operation,StructureDefinition/systemische-therapie","SCT"
http://idg-rlp.de/fhir/tumorkonferenzen/ValueSet/HistoGradeVS,0.1.0,draft,,HistoGradeVS,HistoGradeVS,"HistoGradeVS","StructureDefinition/tnm-distant-metastases-category,StructureDefinition/grading","Internal"
http://idg-rlp.de/fhir/tumorkonferenzen/ValueSet/Lymphgefaessinvasion-vs,0.1.0,draft,,LymphgefaessinvasionVS,Lymphgefäßinvasion ValueSet,"LymphgefäßinvasionVS","StructureDefinition/TNMLKategorie","Internal"
http://idg-rlp.de/fhir/tumorkonferenzen/ValueSet/SerumTumorMarkerUICCVS,0.1.0,draft,,SerumTumorMarkerUICCVS,SerumTumorMarkerUICCVS,"SerumTumorMarkerUICCVS","StructureDefinition/TNMSKategorie","Internal"
http://idg-rlp.de/fhir/tumorkonferenzen/ValueSet/cancer-stage-group-vs,0.1.0,draft,,CancerStageVS,Cancer Stage Group Value Set,"The result of cancer staging, i.e., the stage or category of the cancer.","StructureDefinition/cancer-stage-group","SCT"
http://idg-rlp.de/fhir/tumorkonferenzen/ValueSet/cancer-staging-method-vs,0.1.0,draft,,CancerStagingMethodVS,Cancer Staging Method Value Set,"System or method used for staging cancers. The terms in this value set describe staging systems, not specific stages or descriptors used within those systems.","StructureDefinition/cancer-stage-group","SCT"
http://idg-rlp.de/fhir/tumorkonferenzen/ValueSet/cancer-staging-type-vs,0.1.0,draft,,CancerStagingTypeVS,Cancer Staging Type Value Set,"Identifying codes for the type of cancer staging performed. In terms of the SNOMED CT hierarchy, these codes represent observables.","StructureDefinition/cancer-stage-group","SCT"
http://idg-rlp.de/fhir/tumorkonferenzen/ValueSet/icd-o-3-morphologie,0.1.0,draft,,ICDO3Morphologie,Morphologie Codes des ICD-O-3 CodeSystems.,"",,"THO"
http://idg-rlp.de/fhir/tumorkonferenzen/ValueSet/krebsstadium-vs,0.1.0,draft,,KrebsstadiumVS,Krebsstadium ValueSet,"KrebsstadiumVS","StructureDefinition/tnm-stage-group","Internal"
http://idg-rlp.de/fhir/tumorkonferenzen/ValueSet/multiple-primaer-tumoren-vs,0.1.0,draft,,MultiplePrimaerTumorenVS,Multiple PrimärTumoren ValueSet,"MultiplePrimärTumorenVS","StructureDefinition/TNMmSymbol","Internal"
http://idg-rlp.de/fhir/tumorkonferenzen/ValueSet/obds-op-komplikation-vs,0.1.0,draft,,ObdsOpKomplikationVS,oBDS Operation Komplikation Value Set,"Komplikation gemäß Vorgabe oBDS.","StructureDefinition/operation","Internal,de.basisprofil.r4"
http://idg-rlp.de/fhir/tumorkonferenzen/ValueSet/obds-strahlentherapie-intention-vs,0.1.0,draft,,ObdsStrahlentherapieIntentionVS,Intention der Strahlentherapie,"Die Intention der Strahlentherapie",,"Internal"
http://idg-rlp.de/fhir/tumorkonferenzen/ValueSet/perineurale-invasion-vs,0.1.0,draft,,PerineuraleInvasionVS,Perineurale Invasion ValueSet,"PerineuraleInvasionVS","StructureDefinition/TNMPnKategorie","Internal"
http://idg-rlp.de/fhir/tumorkonferenzen/ValueSet/tnm-distant-metastases-category-max-vs,0.1.0,draft,,TNMDistantMetastasesCategoryMaxVS,TNM Distant Metastases Maximum Value Set,"Values for TNM distant metastases category must be selected from this value set, which includes all codes from UICC and all codes from TNMDistantMetastasesCategoryVS.",,"Other"
http://idg-rlp.de/fhir/tumorkonferenzen/ValueSet/tnm-distant-metastases-category-vs,0.1.0,draft,,TNMDistantMetastasesCategoryVS,TNM Distant Metastases Category Value Set,"Result values for M category. This value set contains SNOMED-CT equivalents of UICC codes for the M category, according to TNM staging rules.","ValueSet/tnm-distant-metastases-category-max-vs","SCT"
http://idg-rlp.de/fhir/tumorkonferenzen/ValueSet/tnm-distant-metastases-staging-type-vs,0.1.0,draft,,TNMDistantMetastasesStagingTypeVS,TNM Distant Metastases Staging Type Value Set,"Identifying codes for the type of cancer staging performed, i.e., clinical, pathological, or other, for distant metastases (M) staging observation.","StructureDefinition/tnm-distant-metastases-category","LOINC"
http://idg-rlp.de/fhir/tumorkonferenzen/ValueSet/tnm-primary-tumor-category-max-vs,0.1.0,draft,,TNMPrimaryTumorCategoryMaxVS,TNM Primary Tumor Maximum Value Set,"Values for TNM primary tumor category must be selected from this value set, which includes all codes from UICC and all codes from TNMPrimaryTumorCategoryVS.",,"Other"
http://idg-rlp.de/fhir/tumorkonferenzen/ValueSet/tnm-primary-tumor-category-vs,0.1.0,draft,,TNMPrimaryTumorCategoryVS,TNM Primary Tumor Category Value Set,"Result values for T category. This value set contains SNOMED-CT equivalents of UICC codes for the T category, according to TNM staging rules.","ValueSet/tnm-primary-tumor-category-max-vs,StructureDefinition/tnm-primary-tumor-category","SCT"
http://idg-rlp.de/fhir/tumorkonferenzen/ValueSet/tnm-primary-tumor-staging-type-vs,0.1.0,draft,,TNMPrimaryTumorStagingTypeVS,TNM Primary Tumor Staging Type Value Set,"Identifying codes for the type of cancer staging performed, i.e., clinical, pathological, or other, for primary tumor (T) staging observation.","StructureDefinition/tnm-primary-tumor-category","LOINC"
http://idg-rlp.de/fhir/tumorkonferenzen/ValueSet/tnm-regional-nodes-category-max-vs,0.1.0,draft,,TNMRegionalNodesCategoryMaxVS,TNM Regional Nodes Maximum Value Set,"Values for TNM regional nodes category must be selected from this value set, which includes all codes from UICC and all codes from TNMRegionalNodesCategoryVS.",,"Other"
http://idg-rlp.de/fhir/tumorkonferenzen/ValueSet/tnm-regional-nodes-category-vs,0.1.0,draft,,TNMRegionalNodesCategoryVS,TNM Regional Nodes Category Value Set,"Result values for N category. This value set contains SNOMED-CT equivalents of UICC codes for the N category, according to TNM staging rules.","ValueSet/tnm-regional-nodes-category-max-vs,StructureDefinition/tnm-regional-nodes-category","SCT"
http://idg-rlp.de/fhir/tumorkonferenzen/ValueSet/tnm-regional-nodes-staging-type-vs,0.1.0,draft,,TNMRegionalNodesStagingTypeVS,TNM Regional Nodes Staging Type Value Set,"Identifying codes for the type of cancer staging performed, i.e., clinical, pathological, or other, for regional nodes (N) staging observation.","StructureDefinition/tnm-regional-nodes-category","LOINC"
http://idg-rlp.de/fhir/tumorkonferenzen/ValueSet/tnm-stage-group-max-vs,0.1.0,draft,,TNMStageGroupMaxVS,TNM Stage Group Maximum Value Set,"Values for TNM stage group must be selected from this value set, which includes all codes from UICC and all codes from TNMStageGroupVS.",,"Other"
http://idg-rlp.de/fhir/tumorkonferenzen/ValueSet/tnm-stage-group-staging-type-vs,0.1.0,draft,,TNMStageGroupStagingTypeVS,TNM Stage Group Staging Type Value Set,"Identifying codes for the type of cancer staging performed, i.e., clinical, pathological, or other, for the stage group observation.","StructureDefinition/tnm-stage-group","LOINC"
http://idg-rlp.de/fhir/tumorkonferenzen/ValueSet/tnm-stage-group-vs,0.1.0,draft,,TNMStageGroupVS,TNM Stage Group Value Set,"Result values for cancer stage group using TNM staging. This value set contains SNOMED-CT equivalents of UICC codes for Stage Group, according to TNM staging rules.","ValueSet/tnm-stage-group-max-vs","SCT"
http://idg-rlp.de/fhir/tumorkonferenzen/ValueSet/tnm-staging-method-vs,0.1.0,draft,,TNMStagingMethodVS,TNM Staging Method Value Set,"Method used for TNM staging, e.g., UICC 6th, 7th, or 8th edition.","StructureDefinition/tnm-distant-metastases-category,StructureDefinition/tnm-stage-group,StructureDefinition/tnm-regional-nodes-category,StructureDefinition/tnm-primary-tumor-category","SCT"
http://idg-rlp.de/fhir/tumorkonferenzen/ValueSet/veneninvasion-vs,0.1.0,draft,,VeneninvasionVS,Veneninvasion ValueSet,"VeneninvasionVS","StructureDefinition/TNMVKategorie","Internal"
http://loinc.org/vs/LL529-9,0.1.0,draft,,ECOGPerformanceStatusVS,ECOG,"ECOG Performance Status (Level 0-5).","StructureDefinition/ecog","LOINC"
http://terminology.hl7.org/ValueSet/v2-0092,2.0.0,active,"2.16.840.1.113883.21.40",Hl7VSReAdmissionIndicator,hl7VS-re-admissionIndicator,"Value Set of codes which are used to specify that a patient is being re-admitted to a healthcare facility from which they were discharged, and indicates the circumstances around such re-admission.","StructureDefinition/verlauf,StructureDefinition/tumorkonferenz","THO (V2)"
http://terminology.hl7.org/ValueSet/v2-0276,2.0.0,active,"2.16.840.1.113883.21.181",Hl7VSAppointmentReasonCodes,hl7VS-appointmentReasonCodes,"Value Set of codes that describe the kind of appointment or the reason why an appointment has been scheduled.","StructureDefinition/tumorkonferenz-termin","THO (V2)"
http://terminology.hl7.org/ValueSet/v2-0371,2.0.0,active,"2.16.840.1.113883.21.245",Hl7VSAdditivePreservative,hl7VS-additivePreservative,"Concepts specifying any additive introduced to the specimen before or at the time of collection.  These additives may be introduced in order to preserve, maintain or enhance the particular nature or component of the specimen.  Used in Version 2 messaging in the SPM segment.","StructureDefinition/tumor","THO (V2)"
http://terminology.hl7.org/ValueSet/v2-0487,2.0.0,active,"2.16.840.1.113883.21.327",Hl7VSSpecimenType,hl7VS-specimenType,"Concepts that describe the precise nature of an entity that may be used as the source material for an observation.  This is one of two code systems that are used instead of table 0070 (code system xxxx) which conflated specimen types and specimen collection methods.   Used in Version 2 messaging in the SPM segment.","StructureDefinition/tumor","THO (V2)"
http://terminology.hl7.org/ValueSet/v2-0493,2.0.0,active,"2.16.840.1.113883.21.333",Hl7VSSpecimenCondition,hl7VS-specimenCondition,"Concepts of modes or states of being that describe the nature of a specimen.  Used in Version 2 messaging in the SPM segment.","StructureDefinition/tumor","THO (V2)"
http://terminology.hl7.org/ValueSet/v2-0916,2.0.0,active,"2.16.840.1.113883.21.440",Hl7VSRelevantClincialInformation,hl7VS-relevantClincialInformation,"Value Set of codes that specify additional clinical information about the patient or specimen to report the supporting and/or suspected diagnosis and clinical findings on requests for interpreted diagnostic studies.","StructureDefinition/tumor","THO (V2)"
http://terminology.hl7.org/ValueSet/v2-2.7-0360,0360,active,,v2.0360.2.7,v2 table 0360, Version 2.7,"FHIR Value set/code system definition for HL7 v2 table 0360 ver 2.9 ( Degree/License/Certificate)","StructureDefinition/Melder","THO (V2)"
http://terminology.hl7.org/ValueSet/v3-ActCode,2.0.0,active,,ActCode,v3 Code System ActCode,"A code specifying the particular kind of Act that the Act-instance represents within its class.  Constraints:  The kind of Act (e.g. physical examination, serum potassium, inpatient encounter, charge financial transaction, etc.) is specified with a code from one of several, typically external, coding systems.  The coding system will depend on the class of Act, such as LOINC for observations, etc. Conceptually, the Act.code must be a specialization of the Act.classCode. This is why the structure of ActClass domain should be reflected in the superstructure of the ActCode domain and then individual codes or externally referenced vocabularies subordinated under these domains that reflect the ActClass structure. Act.classCode and Act.code are not modifiers of each other but the Act.code concept should really imply the Act.classCode concept. For a negative example, it is not appropriate to use an Act.code ""potassium"" together with and Act.classCode for ""laboratory observation"" to somehow mean ""potassium laboratory observation"" and then use the same Act.code for ""potassium"" together with Act.classCode for ""medication"" to mean ""substitution of potassium"". This mutually modifying use of Act.code and Act.classCode is not permitted.","StructureDefinition/befund-dokument","THO (V3)"
http://terminology.hl7.org/ValueSet/v3-ActEncounterCode,2.0.0,active,"2.16.840.1.113883.1.11.13955",ActEncounterCode,ActEncounterCode,"Domain provides codes that qualify the ActEncounterClass (ENC)","StructureDefinition/verlauf,StructureDefinition/tumorkonferenz","THO (V3)"
http://terminology.hl7.org/ValueSet/v3-ActPriority,2.0.0,active,"2.16.840.1.113883.1.11.16866",ActPriority,ActPriority,"A code or set of codes (e.g., for routine, emergency,) specifying the urgency under which the Act happened, can happen, is happening, is intended to happen, or is requested/demanded to happen.    *Discussion:* This attribute is used in orders to indicate the ordered priority, and in event documentation it indicates the actual priority used to perform the act. In definition mood it indicates the available priorities.","StructureDefinition/verlauf,StructureDefinition/tumorkonferenz","THO (V3)"
http://terminology.hl7.org/ValueSet/v3-FamilyMember,2.0.0,active,"2.16.840.1.113883.1.11.19579",FamilyMember,FamilyMember,"A relationship between two people characterizing their ""familial"" relationship","StructureDefinition/familienanamnese","THO (V3)"
